{"cameraMode":{"drawMode":0,"name":"Shaded","section":"Shading Mode"},"sceneLighting":true,"audioPlay":false,"sceneViewState":{"m_AlwaysRefresh":false,"showFog":true,"showSkybox":true,"showFlares":true,"showImageEffects":true,"showParticleSystems":true,"showVisualEffectGraphs":true,"m_FxEnabled":true},"in2DMode":false,"pivot":{"x":0.38427284359931948,"y":-0.4353741407394409,"z":-0.30254030227661135},"rotation":{"x":-0.2466423213481903,"y":0.026739979162812234,"z":-0.0068093533627688889,"w":-0.9687185883522034},"size":10.633668899536133,"orthographic":false}