{"cameraMode":{"drawMode":0,"name":"Shaded","section":"Shading Mode"},"sceneLighting":false,"audioPlay":false,"sceneViewState":{"m_AlwaysRefresh":false,"showFog":true,"showSkybox":false,"showFlares":true,"showImageEffects":true,"showParticleSystems":true,"showVisualEffectGraphs":true,"m_FxEnabled":true},"in2DMode":false,"pivot":{"x":-0.7493168115615845,"y":-0.23673255741596223,"z":-1.4854055643081666},"rotation":{"x":-0.06594943255186081,"y":0.7142044901847839,"z":-0.06791694462299347,"w":-0.6935104727745056},"size":1.2061644792556763,"orthographic":false}